<?xml version="1.0" encoding="UTF-8" standalone="yes"?>
<addon id="resource.images.skinicons.aesir" name="Skin Icons For Aesir" version="1.0.5" provider-name="Arc">
	<extension point="kodi.resource.images" compile="false" type="skinicons" />
	<requires>
		<import addon="kodi.resource" version="1.0.0"/>
	</requires>
	<extension point="xbmc.addon.metadata">
		<summary lang="en">Skin Icons for Aesir</summary>
		<description lang="en">Skin Icons for Aesir(Temporary)</description>
		<platform>all</platform>
		<license>GPL v3.0</license>
		<forum></forum>
		<website></website>
		<source></source>
	</extension>
</addon>
