<?xml version="1.0" encoding="UTF-8" standalone="yes"?>
<addon id="resource.images.skinbackgrounds.aesir" name="Skin Backgrounds - Aesir" version="1.0.0" provider-name="marcelveldt, Arcanthur">
	<extension point="kodi.resource.images" compile="false" type="skinbackgrounds" />
	<requires>
		<import addon="kodi.resource" version="1.0.0"/>
	</requires>
	<extension point="xbmc.addon.metadata">
		<summary lang="en">Skin Backgrounds Pack - Aesir</summary>
		<description lang="en">Skin Backgrounds Pack - Aesir</description>
		<platform>all</platform>
	</extension>
</addon>
