<?xml version="1.0" encoding="utf-8"?>
<!-- Foundation -->
<fonts>
	<fontset id="Default" unicode="true">
		<font>
			<name>font_mainmenu</name>
			<style>uppercase</style>
			<filename>Roboto_Light.ttf</filename>
			<size>40</size>
		</font>
		<font>
			<name>font_mainmenu_big</name>
			<style>uppercase</style>
			<filename>Roboto_Light.ttf</filename>
			<size>55</size>
		</font>
		<font>
			<name>font_submenu</name>
			<style>uppercase</style>
			<filename>Roboto-Regular.ttf</filename>
			<size>26</size>
		</font>
		<font>
			<name>font_infobar_mainlabel</name>
			<filename>Roboto_Bold.ttf</filename>
			<size>42</size>
			<style>uppercase</style>
		</font>
		<font>
			<name>font_infobar_sublabel</name>
			<filename>Roboto-Regular.ttf</filename>
			<size>30</size>
			<style>uppercase</style>
		</font>
		<font>
			<name>font_plotbox</name>
			<filename>Roboto-Regular.ttf</filename>
			<size>30</size>
			<linespacing>1.1</linespacing>
		</font>
		<font>
			<name>font_textviewer</name>
			<filename>Roboto-Regular.ttf</filename>
			<size>32</size>
			<linespacing>1.2</linespacing>
		</font>
		<font>
			<name>font_time</name>
			<filename>RobotoCondensed-Bold.ttf</filename>
			<size>36</size>
		</font>
		<font>
			<name>font_time_HH</name>
			<filename>Roboto-Regular.ttf</filename>
			<size>105</size>
		</font>
		<font>
			<name>font_time_MM</name>
			<filename>Roboto-Regular.ttf</filename>
			<size>52</size>
		</font>
		<font>
			<name>font_time_:</name>
			<filename>Roboto-Regular.ttf</filename>
			<size>66</size>
		</font>
		<font>
			<name>font_date</name>
			<filename>Roboto-Bold.ttf</filename>
			<size>36</size>
		</font>
		<font>
			<name>font_bitrate</name>
			<filename>Roboto-Regular.ttf</filename>
			<size>24</size>
		</font>
		<font>
			<name>font_castlist_label</name>
			<filename>Roboto_Bold.ttf</filename>
			<size>24</size>
		</font>
		<font>
			<name>font_castlist_label2</name>
			<filename>Roboto-Regular.ttf</filename>
			<size>24</size>
		</font>
		<font>
			<name>font_dialog_header</name>
			<filename>Roboto_Bold.ttf</filename>
			<size>38</size>
		</font>
		<font>
			<name>font_dialog_hintlabel</name>
			<filename>Roboto-Regular.ttf</filename>
			<size>24</size>
		</font>
		<font>
			<name>font_dialog_okcancel</name>
			<style>uppercase</style>
			<filename>Roboto-Regular.ttf</filename>
			<size>24</size>
		</font>
		<font>
			<name>font_itemlabel</name>
			<filename>RobotoCondensed-Bold.ttf</filename>
			<size>34</size>
		</font>
		<font>
			<name>font_listlabel</name>
			<filename>RobotoCondensed-Bold.ttf</filename>
			<size>32</size>
		</font>
		<font>
			<name>font_episodelistlabel</name>
			<filename>Roboto-Regular.ttf</filename>
			<size>24</size>
		</font>
		<font>
			<name>font_albumlistlabel</name>
			<filename>Roboto-Regular.ttf</filename>
			<size>20</size>
		</font>
		<font>
			<name>font_musicvis_title</name>
			<filename>Roboto_Bold.ttf</filename>
			<size>84</size>
		</font>
		<font>
			<name>font_musicvis_album</name>
			<filename>Roboto_Light.ttf</filename>
			<size>50</size>
		</font>
		<font>
			<name>font_videoplayer_premiered</name>
			<filename>Roboto_Light.ttf</filename>
			<size>30</size>
		</font>
		<font>
			<name>font_osd_textbutton</name>
			<style>uppercase</style>
			<filename>Roboto-Regular.ttf</filename>
			<size>26</size>
		</font>
		<font>
			<name>font_lyrics_bold</name>
			<filename>Roboto_Bold.ttf</filename>
			<size>50</size>
		</font>
		<font>
			<name>font_weather_condition</name>
			<filename>Roboto-Regular.ttf</filename>
			<size>24</size>
		</font>
		<font>
			<name>font_object_postertext</name>
			<filename>Roboto-Regular.ttf</filename>
			<size>90</size>
		</font>
		<font>
			<name>font_musicvis_biggest</name>
			<filename>Roboto_Light.ttf</filename>
			<size>230</size>
		</font>
		<font>
			<name>font_musicvis_bigger</name>
			<filename>Roboto_Light.ttf</filename>
			<size>130</size>
		</font>
		<font>
			<name>font_musicvis_big</name>
			<filename>Roboto_Light.ttf</filename>
			<size>80</size>
		</font>
		<font>
			<name>font_systeminfo_skinversion</name>
			<filename>Roboto_Bold.ttf</filename>
			<size>40</size>
		</font>
		<font>
			<name>font_systeminfo_skinname</name>
			<filename>Roboto_Bold.ttf</filename>
			<size>32</size>
		</font>
		<font>
			<name>font_weather_temp</name>
			<filename>Roboto_Bold.ttf</filename>
			<size>48</size>
		</font>
		<font>
			<name>font_squareview_years</name>
			<filename>Roboto-Regular.ttf</filename>
			<size>48</size>
		</font>
		<font>
			<name>font_weather_currenttemp</name>
			<filename>Roboto_Bold.ttf</filename>
			<size>100</size>
		</font>
		<font>
			<name>font_startup_logo</name>
			<filename>Roboto_Bold.ttf</filename>
			<size>100</size>
		</font>
		<font>
			<name>font_overlay_title</name>
			<filename>Roboto_Bold.ttf</filename>
			<size>100</size>
		</font>
		<font>
			<name>font_overlay_plotbox</name>
			<filename>Roboto_Light.ttf</filename>
			<size>48</size>
			<linespacing>1.4</linespacing>
		</font>
		<font>
			<name>font_epg_timeline</name>
			<filename>Roboto-Regular.ttf</filename>
			<size>22</size>
		</font>
		<font>
			<name>font_dialog_minilabel</name>
			<filename>Roboto-Regular.ttf</filename>
			<size>24</size>
		</font>
		<font>
			<name>font_button</name>
			<style>uppercase</style>
			<filename>Roboto-Regular.ttf</filename>
			<size>24</size>
		</font>
		<font>
			<name>Medium</name>
			<filename>Roboto-Regular.ttf</filename>
			<size>38</size>
		</font>
		<font>
			<name>MediumBold</name>
			<filename>Roboto_Bold.ttf</filename>
			<size>38</size>
		</font>
		<font>
			<name>Small</name>
			<filename>Roboto-Regular.ttf</filename>
			<size>30</size>
		</font>
		<font>
			<name>SmallBold</name>
			<filename>Roboto_Bold.ttf</filename>
			<size>32</size>
		</font>
		<font>
			<name>Tiny</name>
			<filename>Roboto-Regular.ttf</filename>
			<size>26</size>
		</font>
		<font>
			<name>TinyBold</name>
			<filename>Roboto_Bold.ttf</filename>
			<size>26</size>
		</font>
		<!-- Required for system -->
		<font>
			<name>font13</name>
			<filename>Roboto-Regular.ttf</filename>
			<size>30</size>
		</font>
		<font>
			<name>Clock</name>
			<filename>Roboto_Bold.ttf</filename>
			<size>130</size>
		</font>
		<!-- Video Lyrics -->
		<font>
			<name>lyr1</name>
			<filename>lyrics/Theboldfont.ttf</filename>
			<linespacing>0.9</linespacing>
			<size>120</size>
		</font>
		<font>
			<name>lyr1b</name>
			<filename>lyrics/PollerOne.ttf</filename>
			<aspect>0.9</aspect>
			<size>60</size>
		</font>
		<font>
			<name>lyr2</name>
			<filename>lyrics/SF Distant Galaxy.ttf</filename>
			<style>lowercase</style>
			<linespacing>0.9</linespacing>
			<size>120</size>
		</font>
		<font>
			<name>lyr2b</name>
			<filename>lyrics/Fredoka One.ttf</filename>
			<linespacing>0.9</linespacing>
			<size>58</size>
		</font>
		<font>
			<name>lyr3</name>
			<filename>lyrics/Luckiest Guy.ttf</filename>
			<style>uppercase</style>
			<linespacing>0.9</linespacing>
			<size>125</size>
		</font>
		<font>
			<name>lyr3b</name>
			<filename>lyrics/Exo2-BlackItalic.ttf</filename>
			<linespacing>0.85</linespacing>
			<size>62</size>
		</font>
		<font>
			<name>lyr4</name>
			<filename>lyrics/Geomancy - Extra Bold.ttf</filename>
			<linespacing>0.9</linespacing>
			<size>120</size>
		</font>
		<font>
			<name>lyr4b</name>
			<filename>lyrics/Ranchers-Regular.ttf</filename>
			<aspect>1.4</aspect>
			<linespacing>0.9</linespacing>
			<size>54</size>
		</font>
		<font>
			<name>lyr5</name>
			<filename>lyrics/BOXING.ttf</filename>
			<aspect>1.3</aspect>
			<style>lowercase</style>
			<linespacing>0.9</linespacing>
			<size>104</size>
		</font>
		<font>
			<name>lyr5b</name>
			<filename>lyrics/nasalization-rg.ttf</filename>
			<style>bold</style>
			<size>54</size>
		</font>
		<font>
			<name>lyr6</name>
			<filename>lyrics/Theboldfont.ttf</filename>
			<linespacing>0.9</linespacing>
			<size>120</size>
		</font>
		<font>
			<name>lyr6b</name>
			<filename>lyrics/PollerOne.ttf</filename>
			<aspect>0.9</aspect>
			<size>60</size>
		</font>
		<font>
			<name>lyr7</name>
			<style>uppercase</style>
			<filename>lyrics/Luckiest Guy.ttf</filename>
			<size>110</size>
		</font>
		<font>
			<name>lyr7a</name>
			<style>uppercase</style>
			<filename>lyrics/Luckiest Guy.ttf</filename>
			<size>155</size>
		</font>
		<font>
			<name>lyr7b</name>
			<style>uppercase</style>
			<filename>lyrics/Luckiest Guy.ttf</filename>
			<size>205</size>
		</font>
		<font>
			<name>lyr7c</name>
			<filename>lyrics/Exo2-BlackItalic.ttf</filename>
			<linespacing>0.85</linespacing>
			<size>60</size>
		</font>
		<font>
			<name>lyr8</name>
			<filename>lyrics/SF Distant Galaxy.ttf</filename>
			<style>lowercase</style>
			<linespacing>0.9</linespacing>
			<size>120</size>
		</font>
		<font>
			<name>lyr8b</name>
			<filename>lyrics/nasalization-rg.ttf</filename>
			<style>bold</style>
			<size>54</size>
		</font>
		<font>
			<name>lyr9</name>
			<filename>lyrics/Geomancy - Extra Bold.ttf</filename>
			<linespacing>0.9</linespacing>
			<size>130</size>
		</font>
		<font>
			<name>lyr9b</name>
			<filename>lyrics/Fredoka One.ttf</filename>
			<linespacing>0.9</linespacing>
			<size>58</size>
		</font>
		<font>
			<name>lyr10</name>
			<filename>lyrics/SF Distant Galaxy.ttf</filename>
			<style>lowercase</style>
			<linespacing>0.9</linespacing>
			<size>120</size>
		</font>
		<font>
			<name>lyr10b</name>
			<filename>lyrics/Ranchers-Regular.ttf</filename>
			<aspect>1.4</aspect>
			<linespacing>0.9</linespacing>
			<size>52</size>
		</font>
		<font>
			<name>lyr11</name>
			<filename>lyrics/Theboldfont.ttf</filename>
			<linespacing>0.9</linespacing>
			<size>120</size>
		</font>
		<font>
			<name>lyr11b</name>
			<filename>lyrics/PollerOne.ttf</filename>
			<aspect>0.9</aspect>
			<size>60</size>
		</font>
		<font>
			<name>lyr12</name>
			<filename>lyrics/BOXING.ttf</filename>
			<style>lowercase</style>
			<linespacing>0.9</linespacing>
			<size>275</size>
		</font>
		<font>
			<name>lyr12b</name>
			<filename>lyrics/BOXING.ttf</filename>
			<style>lowercase</style>
			<linespacing>0.9</linespacing>
			<size>165</size>
		</font>
		<font>
			<name>lyr12c</name>
			<filename>lyrics/BOXING.ttf</filename>
			<style>lowercase</style>
			<linespacing>0.9</linespacing>
			<size>220</size>
		</font>
		<font>
			<name>lyr12d</name>
			<filename>lyrics/Fredoka One.ttf</filename>
			<linespacing>0.9</linespacing>
			<size>58</size>
		</font>
		<font>
			<name>lyr13</name>
			<filename>lyrics/SF Distant Galaxy.ttf</filename>
			<style>lowercase</style>
			<linespacing>0.9</linespacing>
			<size>120</size>
		</font>
		<font>
			<name>lyr13b</name>
			<filename>lyrics/Exo2-BlackItalic.ttf</filename>
			<linespacing>0.85</linespacing>
			<size>62</size>
		</font>
		<font>
			<name>lyr14</name>
			<style>uppercase</style>
			<filename>lyrics/Luckiest Guy.ttf</filename>
			<size>140</size>
		</font>
		<font>
			<name>lyr14b</name>
			<filename>lyrics/Ranchers-Regular.ttf</filename>
			<aspect>1.4</aspect>
			<linespacing>0.9</linespacing>
			<size>54</size>
		</font>
		<font>
			<name>lyr15</name>
			<filename>lyrics/Geomancy - Extra Bold.ttf</filename>
			<linespacing>0.9</linespacing>
			<size>130</size>
		</font>
		<font>
			<name>lyr15b</name>
			<filename>lyrics/nasalization-rg.ttf</filename>
			<style>bold</style>
			<size>56</size>
		</font>
		<font>
			<name>lyrsh16</name>
			<filename>lyrics/PollerOne.ttf</filename>
			<aspect>0.9</aspect>
			<size>76</size>
		</font>
		<font>
			<name>lyrsh38</name>
			<filename>lyrics/Exo2-BlackItalic.ttf</filename>
			<linespacing>0.85</linespacing>
			<size>86</size>
		</font>
		<font>
			<name>lyrsh50</name>
			<filename>lyrics/nasalization-rg.ttf</filename>
			<style>bold</style>
			<size>74</size>
		</font>
		<font>
			<name>lyrsh72</name>
			<filename>lyrics/Fredoka One.ttf</filename>
			<linespacing>0.9</linespacing>
			<size>88</size>
		</font>
		<font>
			<name>lyrsh94</name>
			<filename>lyrics/Ranchers-Regular.ttf</filename>
			<aspect>1.4</aspect>
			<linespacing>0.9</linespacing>
			<size>78</size>
		</font>
	</fontset>
</fonts>
