<?xml version="1.0" encoding="utf-8"?>
<includes>
	<include name="Statusbar">
		<control type="group">
			<bottom>0</bottom>
			<left>0</left>
			<right>0</right>
			<height>55</height>
			<include>Statusbar_Texture</include>
			<include>Statusbar_PlayerProgress</include>
			<include>Statusbar_DateTime</include>
			<include>Statusbar_Menubar</include>
			<control type="group">
				<visible>!Player.HasMedia</visible>
				<visible>!$EXP[Expression_ShowWeatherWidget]</visible>
				<visible>!$EXP[Expression_ShowSystemInfoWidget]</visible>
				<include>Statusbar_ItemCount</include>
			</control>
			<control type="group">
				<visible>Player.HasMedia</visible>
				<include>Statusbar_NowPlaying</include>
			</control>
		</control>
	</include>
	<include name="Statusbar_PlayerProgress">
		<control type="progress" description="cache">
			<width>100%</width>
			<top>0</top>
			<bottom>0</bottom>
			<info>Player.ProgressCache</info>
			<texturebg colordiffuse="00ffffff">osd/progress-bg.png</texturebg>
			<lefttexture colordiffuse="main_fg_12">osd/progress-end.png</lefttexture>
			<midtexture colordiffuse="main_fg_12">osd/progress-end.png</midtexture>
			<righttexture colordiffuse="main_fg_12">osd/progress-end.png</righttexture>
			<visible>Player.Playing | Player.Paused | Player.Caching</visible>
			<visible>!Player.Seeking</visible>
			<visible>Player.HasMedia</visible>
			<visible>!Skin.HasSetting(HideCacheProgress)</visible>
		</control>
		<control type="progress">
			<width>100%</width>
			<top>0</top>
			<bottom>0</bottom>
			<info>Player.Progress</info>
			<texturebg colordiffuse="00ffffff">osd/progress-bg.png</texturebg>
			<lefttexture colordiffuse="main_fg_12">osd/progress-end.png</lefttexture>
			<midtexture colordiffuse="main_fg_12">osd/progress-end.png</midtexture>
			<righttexture colordiffuse="main_fg_12">osd/progress-end.png</righttexture>
			<visible>Player.HasMedia</visible>
			<visible>!Window.IsVisible(VideoFullScreen.xml) + !Window.IsVisible(MusicVisualisation.xml)</visible>
		</control>
		<control type="progress" id="401">
			<width>100%</width>
			<top>0</top>
			<bottom>0</bottom>
			<texturebg colordiffuse="00ffffff">osd/progress-bg.png</texturebg>
			<lefttexture colordiffuse="main_fg_12">osd/progress-end.png</lefttexture>
			<midtexture colordiffuse="main_fg_12">osd/progress-end.png</midtexture>
			<righttexture colordiffuse="main_fg_12">osd/progress-end.png</righttexture>
			<visible>Player.HasMedia</visible>
			<visible>Window.IsVisible(VideoFullScreen.xml) | Window.IsVisible(MusicVisualisation.xml)</visible>
		</control>
	</include>
	<include name="Statusbar_Texture">
		<control type="image">
			<top>-24</top>
			<height>24</height>
			<width>100%</width>
			<texture flipy="true">common/shadow-line-24px.png</texture>
		</control>
		<control type="image">
			<bottom>0</bottom>
			<top>0</top>
			<texture>common/gradient-solid.png</texture>
			<visible>!Skin.HasSetting(StatusbarGradient)</visible>
		</control>
		<control type="image">
			<bottom>0</bottom>
			<top>0</top>
			<aspectratio>scale</aspectratio>
			<texture>common/gradient-solid.png</texture>
			<visible>Skin.HasSetting(StatusbarGradient)</visible>
		</control>
		<control type="image">
			<top>0</top>
			<height>1</height>
			<texture colordiffuse="highlight_bottombar">common/white.png</texture>
		</control>
	</include>
	<include name="Statusbar_Info_Clock">
		<control type="group">
			<bottom>0</bottom>
			<left>0</left>
			<right>0</right>
			<height>55</height>
			<include>Statusbar_Texture</include>
			<include>Statusbar_PlayerProgress</include>
			<include>Statusbar_DateTime</include>
			<control type="group">
				<visible>!Player.HasMedia</visible>
				<include condition="!Window.IsVisible(MusicVisualisation.xml) + !Window.IsVisible(VideoFullScreen.xml)">Statusbar_ItemCount</include>
			</control>
			<control type="group">
				<visible>Player.HasMedia</visible>
				<include>Statusbar_NowPlaying</include>
			</control>
			<control type="grouplist">
				<orientation>horizontal</orientation>
				<left>8</left>
				<height>48</height>
				<align>left</align>
				<itemgap>12</itemgap>
				<control type="image">
					<width>48</width>
					<height>48</height>
					<texture colordiffuse="main_fg_70">$VAR[Image_Statusbar_Icon]</texture>
					<include>Statusbar_Menubar_Button</include>
				</control>
				<control type="label">
					<textoffsetx>0</textoffsetx>
					<include>Statusbar_Menubar_Button</include>
					<label>19033</label>
					<visible>!Window.IsVisible(MusicVisualisation.xml) + !Window.IsVisible(VideoFullScreen.xml)</visible>
				</control>
				<control type="label">
					<textoffsetx>0</textoffsetx>
					<include>Statusbar_Menubar_Button</include>
					<label>$VAR[Label_PlayerStatus]</label>
					<visible>Window.IsVisible(MusicVisualisation.xml) | Window.IsVisible(VideoFullScreen.xml)</visible>
				</control>
			</control>
		</control>
	</include>
	<include name="Statusbar_DateTime">
		<control type="image">
			<right>-100</right>
			<bottom>935</bottom>
			<height>50</height>
			<width>1000</width>
			<texture>gradient_topbar(h).png</texture>
		</control>
		<control type="grouplist">
			<orientation>horizontal</orientation>
			<top>-930</top>
			<right>20</right>
			<height>48</height>
			<align>right</align>
			<itemgap>20</itemgap>
			<control type="label">
				<font>font_time</font>
				<align>right</align>
				<textcolor>$VAR[ColorHighlight]</textcolor>
				<label>$INFO[Weather.Temperature]</label>
				<aligny>center</aligny>
				<width>auto</width>
				<height>100%</height>
				<visible>Weather.IsFetched</visible>
			</control>
			<control type="label">
				<font>font_date</font>
				<align>right</align>
				<textcolor>dialog_fg_100</textcolor>
				<label>$INFO[System.Date]</label>
				<aligny>center</aligny>
				<width>auto</width>
				<height>100%</height>
			</control>
			<control type="label">
				<font>font_time</font>
				<align>right</align>
				<textcolor>$VAR[ColorHighlight]</textcolor>
				<label>$INFO[System.Time]</label>
				<aligny>center</aligny>
				<width>auto</width>
				<height>100%</height>
			</control>
		</control>
	</include>
	<include name="Statusbar_ItemCount">
		<control type="group">
			<right>0</right>
			<left>450</left>
			<width>920</width>
			<height>48</height>
			<align>center</align>
			<itemgap>12</itemgap>
			<usecontrolcoords>true</usecontrolcoords>
			<orientation>horizontal</orientation>
			<control type="label" id="9904">
				<top>0</top>
				<right>760</right>
				<align>left</align>
				<textcolor>$VAR[ColorHighlight]</textcolor>
				<include>Statusbar_Menubar_Items</include>
				<label>$VAR[Label_Statusbar_NextAired]</label>
			</control>
			<control type="label" id="9902">
				<right>470</right>
				<align>right</align>
				<width>300</width>
				<include>Statusbar_Menubar_Items</include>
				<label>$VAR[Label_NumItems]</label>
				<visible>String.IsEmpty(Control.GetLabel(9904))</visible>
				<visible>!Window.IsVisible(DialogVideoInfo.xml) + !Window.IsVisible(DialogMusicInfo.xml) + !Window.IsVisible(DialogAddonInfo.xml) + !Window.IsVisible(script-script.extendedinfo-DialogVideoInfo.xml) + !Window.IsVisible(script-script.extendedinfo-DialogInfo.xml) + !Window.IsVisible(DialogPVRInfo.xml)</visible>
			</control>
			<control type="label">
				<right>300</right>
				<align>center</align>
				<width>300</width>
				<include>Statusbar_Menubar_Items</include>
				<label>  •  </label>
				<visible>!String.IsEmpty(Control.GetLabel(9903))</visible>
				<visible>Control.IsVisible(9903)</visible>
				<visible>String.IsEmpty(Control.GetLabel(9904))</visible>
			</control>
			<control type="label" id="9903">
				<right>130</right>
				<align>left</align>
				<width>300</width>
				<include>Statusbar_Menubar_Items</include>
				<label>$VAR[Label_NumPages]</label>
				<visible>String.IsEmpty(Control.GetLabel(9904))</visible>
				<visible>!Window.IsVisible(DialogVideoInfo.xml) + !Window.IsVisible(DialogMusicInfo.xml) + !Window.IsVisible(DialogAddonInfo.xml) + !Window.IsVisible(script-script.extendedinfo-DialogVideoInfo.xml) + !Window.IsVisible(script-script.extendedinfo-DialogInfo.xml) + !Window.IsVisible(DialogPVRInfo.xml)</visible>
			</control>
		</control>
	</include>
	<include name="Statusbar_NowPlaying">
		<control type="grouplist">
			<height>48</height>
			<right>20</right>
			<align>right</align>
			<itemgap>12</itemgap>
			<usecontrolcoords>true</usecontrolcoords>
			<orientation>horizontal</orientation>
			<control type="label">
				<include>Statusbar_Menubar_Items</include>
				<label>$INFO[VideoPlayer.TvShowTitle,[COLOR=main_fg_30],  •  [/COLOR]]$INFO[MusicPlayer.Artist,[COLOR=main_fg_30],  •  [/COLOR]]$INFO[VideoPlayer.Season,,x]$INFO[VideoPlayer.Episode,,. ]$INFO[Player.Title]</label>
			</control>
			<control type="label">
				<textcolor>main_fg_30</textcolor>
				<include>Statusbar_Menubar_Items</include>
				<label>•</label>
			</control>
			<control type="label">
				<textcolor>main_fg_30</textcolor>
				<include>Statusbar_Menubar_Items</include>
				<label>$INFO[Player.Time]</label>
			</control>
			<control type="label">
				<include>Statusbar_Menubar_Items</include>
				<label>|</label>
			</control>
			<control type="label">
				<textcolor>main_fg_30</textcolor>
				<include>Statusbar_Menubar_Items</include>
				<label>$INFO[Player.Duration]</label>
			</control>
			<control type="label">
				<textcolor>main_fg_30</textcolor>
				<include>Statusbar_Menubar_Items</include>
				<label>•</label>
				<visible>!String.IsEmpty(Player.FinishTime)</visible>
				<visible>Player.HasVideo</visible>
			</control>
			<control type="label">
				<textcolor>main_fg_30</textcolor>
				<include>Statusbar_Menubar_Items</include>
				<label>$INFO[Player.FinishTime,$LOCALIZE[31106] ,]</label>
				<visible>Player.HasVideo</visible>
			</control>
		</control>
	</include>
	<include name="Statusbar_Menubar">
		<control type="button" id="9300" description="Fanart Display">
			<width>10</width>
			<height>10</height>
			<bottom>-10</bottom>
			<visible allowhiddenfocus="true">false</visible>
			<onfocus>SetProperty(HideBottomBar,1,Home)</onfocus>
			<ondown>ClearProperty(HideBottomBar,Home)</ondown>
			<onup>ClearProperty(HideBottomBar,Home)</onup>
			<onback>ClearProperty(HideBottomBar,Home)</onback>
			<oninfo>Skin.ToggleSetting(FanartDisplayInfo)</oninfo>
			<onclick>ClearProperty(HideBottomBar,Home)</onclick>
			<onclick condition="Skin.HasSetting(AllowFanartMovement)">AlarmClock(Clickit,Action(Select),00:00,silent)</onclick>
			<onleft condition="Skin.HasSetting(AllowFanartMovement) + Control.IsVisible(301)">Control.Move(301,-1)</onleft>
			<onleft condition="Skin.HasSetting(AllowFanartMovement) + Control.IsVisible(50)">Control.Move(50,-1)</onleft>
			<onleft condition="Skin.HasSetting(AllowFanartMovement) + Control.IsVisible(51)">Control.Move(51,-1)</onleft>
			<onleft condition="Skin.HasSetting(AllowFanartMovement) + Control.IsVisible(52)">Control.Move(52,-1)</onleft>
			<onleft condition="Skin.HasSetting(AllowFanartMovement) + Control.IsVisible(53)">Control.Move(53,-1)</onleft>
			<onleft condition="Skin.HasSetting(AllowFanartMovement) + Control.IsVisible(54)">Control.Move(54,-1)</onleft>
			<onright condition="Skin.HasSetting(AllowFanartMovement) + Control.IsVisible(301)">Control.Move(301,1)</onright>
			<onright condition="Skin.HasSetting(AllowFanartMovement) + Control.IsVisible(50)">Control.Move(50,1)</onright>
			<onright condition="Skin.HasSetting(AllowFanartMovement) + Control.IsVisible(51)">Control.Move(51,1)</onright>
			<onright condition="Skin.HasSetting(AllowFanartMovement) + Control.IsVisible(52)">Control.Move(52,1)</onright>
			<onright condition="Skin.HasSetting(AllowFanartMovement) + Control.IsVisible(53)">Control.Move(53,1)</onright>
			<onright condition="Skin.HasSetting(AllowFanartMovement) + Control.IsVisible(54)">Control.Move(54,1)</onright>
			<onleft condition="!Skin.HasSetting(AllowFanartMovement)">ClearProperty(HideBottomBar,Home)</onleft>
			<onright condition="!Skin.HasSetting(AllowFanartMovement)">ClearProperty(HideBottomBar,Home)</onright>
			<onleft condition="!Skin.HasSetting(AllowFanartMovement) + Control.IsVisible(301)">SetFocus(301)</onleft>
			<onleft condition="!Skin.HasSetting(AllowFanartMovement) + Control.IsVisible(50)">SetFocus(50)</onleft>
			<onleft condition="!Skin.HasSetting(AllowFanartMovement) + Control.IsVisible(51)">SetFocus(51)</onleft>
			<onleft condition="!Skin.HasSetting(AllowFanartMovement) + Control.IsVisible(52)">SetFocus(52)</onleft>
			<onleft condition="!Skin.HasSetting(AllowFanartMovement) + Control.IsVisible(53)">SetFocus(53)</onleft>
			<onleft condition="!Skin.HasSetting(AllowFanartMovement) + Control.IsVisible(54)">SetFocus(54)</onleft>
			<onright condition="!Skin.HasSetting(AllowFanartMovement) + Control.IsVisible(301)">SetFocus(301)</onright>
			<onright condition="!Skin.HasSetting(AllowFanartMovement) + Control.IsVisible(50)">SetFocus(50)</onright>
			<onright condition="!Skin.HasSetting(AllowFanartMovement) + Control.IsVisible(51)">SetFocus(51)</onright>
			<onright condition="!Skin.HasSetting(AllowFanartMovement) + Control.IsVisible(52)">SetFocus(52)</onright>
			<onright condition="!Skin.HasSetting(AllowFanartMovement) + Control.IsVisible(53)">SetFocus(53)</onright>
			<onright condition="!Skin.HasSetting(AllowFanartMovement) + Control.IsVisible(54)">SetFocus(54)</onright>
			<ondown condition="Control.IsVisible(301)">SetFocus(301)</ondown>
			<ondown condition="Control.IsVisible(50)">SetFocus(50)</ondown>
			<ondown condition="Control.IsVisible(51)">SetFocus(51)</ondown>
			<ondown condition="Control.IsVisible(52)">SetFocus(52)</ondown>
			<ondown condition="Control.IsVisible(53)">SetFocus(53)</ondown>
			<ondown condition="Control.IsVisible(54)">SetFocus(54)</ondown>
			<onup condition="Control.IsVisible(301)">SetFocus(301)</onup>
			<onup condition="Control.IsVisible(50)">SetFocus(50)</onup>
			<onup condition="Control.IsVisible(51)">SetFocus(51)</onup>
			<onup condition="Control.IsVisible(52)">SetFocus(52)</onup>
			<onup condition="Control.IsVisible(53)">SetFocus(53)</onup>
			<onup condition="Control.IsVisible(54)">SetFocus(54)</onup>
			<onback condition="Control.IsVisible(301)">SetFocus(301)</onback>
			<onback condition="Control.IsVisible(50)">SetFocus(50)</onback>
			<onback condition="Control.IsVisible(51)">SetFocus(51)</onback>
			<onback condition="Control.IsVisible(52)">SetFocus(52)</onback>
			<onback condition="Control.IsVisible(53)">SetFocus(53)</onback>
			<onback condition="Control.IsVisible(54)">SetFocus(54)</onback>
			<!-- <oninfo condition="Control.IsVisible(301)">SetFocus(301)</oninfo>
            <oninfo condition="Control.IsVisible(50)">SetFocus(50)</oninfo>
            <oninfo condition="Control.IsVisible(51)">SetFocus(51)</oninfo>
            <oninfo condition="Control.IsVisible(52)">SetFocus(52)</oninfo>
            <oninfo condition="Control.IsVisible(53)">SetFocus(53)</oninfo>
            <oninfo condition="Control.IsVisible(54)">SetFocus(54)</oninfo> -->
			<onclick condition="Control.IsVisible(301)">SetFocus(301)</onclick>
			<onclick condition="Control.IsVisible(50)">SetFocus(50)</onclick>
			<onclick condition="Control.IsVisible(51)">SetFocus(51)</onclick>
			<onclick condition="Control.IsVisible(52)">SetFocus(52)</onclick>
			<onclick condition="Control.IsVisible(53)">SetFocus(53)</onclick>
			<onclick condition="Control.IsVisible(54)">SetFocus(54)</onclick>
		</control>
		<control type="grouplist" id="9400">
			<orientation>horizontal</orientation>
			<left>8</left>
			<height>48</height>
			<align>left</align>
			<itemgap>-24</itemgap>
			<usecontrolcoords>true</usecontrolcoords>
			<ondown condition="!Window.IsVisible(LoginScreen.xml) + !Skin.HasSetting(DisableFullFanartMode)">9300</ondown>
			<onback condition="!Window.IsVisible(LoginScreen.xml) + Window.IsVisible(Home)">301</onback>
			<onback condition="!Window.IsVisible(LoginScreen.xml) + !Window.IsVisible(Home)">50</onback>
			<onup condition="!Window.IsVisible(LoginScreen.xml) + Control.IsVisible(8000) + !Control.IsVisible(54)">8000</onup>
			<onup condition="!Window.IsVisible(LoginScreen.xml) + Control.IsVisible(60) + !Control.IsVisible(54)">60</onup>
			<onup condition="!Window.IsVisible(LoginScreen.xml) + Control.IsVisible(54)">54</onup>
			<onup condition="!Window.IsVisible(LoginScreen.xml) + !Control.IsVisible(8000) + !Control.IsVisible(60) + Window.IsVisible(Home)">301</onup>
			<onup condition="!Window.IsVisible(LoginScreen.xml) + !Control.IsVisible(8000) + !Control.IsVisible(60) + !Window.IsVisible(Home)">50</onup>
			<onright condition="!Window.IsVisible(LoginScreen.xml) + Window.IsVisible(Home)">301</onright>
			<onright condition="!Window.IsVisible(LoginScreen.xml) + !Window.IsVisible(Home)">50</onright>
			<onleft condition="!Window.IsVisible(LoginScreen.xml) + Window.IsVisible(Home)">301</onleft>
			<onleft condition="!Window.IsVisible(LoginScreen.xml) + !Window.IsVisible(Home)">50</onleft>
			<onup condition="Window.IsVisible(LoginScreen.xml)">52</onup>
			<ondown condition="Window.IsVisible(LoginScreen.xml)">52</ondown>
			<onleft condition="Window.IsVisible(LoginScreen.xml)">52</onleft>
			<onright condition="Window.IsVisible(LoginScreen.xml)">52</onright>
			<onback condition="Window.IsVisible(LoginScreen.xml)">52</onback>
			<control type="button" id="9699">
				<label>Context Menu</label>
				<texturenofocus colordiffuse="main_fg_70" border="42,0,8,0">buttons/options.png</texturenofocus>
				<texturefocus colordiffuse="$VAR[ColorHighlight]" border="42,0,8,0">buttons/options.png</texturefocus>
				<include>Statusbar_Menubar_Button</include>
				<visible>Window.IsVisible(DialogContextMenu.xml)</visible>
			</control>
			<control type="button" id="9001">
				<left>0</left>
				<label>33060</label>
				<onclick>ActivateWindow(shutdownmenu)</onclick>
				<texturenofocus colordiffuse="main_fg_70" border="42,0,8,0">buttons/power.png</texturenofocus>
				<texturefocus colordiffuse="$VAR[ColorHighlight]" border="42,0,8,0">buttons/power.png</texturefocus>
				<include>Statusbar_Menubar_Button</include>
				<visible>![Window.IsVisible(MyVideoNav.xml) | Window.IsVisible(MyMusicNav.xml) | Window.IsVisible(MyPics.xml) | Window.IsVisible(MyPrograms.xml) | Window.IsVisible(AddonBrowser.xml) | Window.IsVisible(MyPlaylist.xml) | Window.IsVisible(MyWeather.xml) | Window.IsVisible(MyPVRChannels.xml) | Window.IsVisible(MyPVRGuide.xml) | Window.IsVisible(MyPVRRecordings.xml) | Window.IsVisible(MyPVRTimers.xml) | Window.IsVisible(MyPVRSearch.xml)] | [!Control.IsVisible(3) + !Control.IsVisible(9600)]</visible>
				<visible>![Window.IsVisible(script-NextAired-TVGuide.xml) | Window.IsVisible(script-NextAired-TVGuide2.xml)]</visible>
				<visible>!Skin.HasSetting(global.kioskmode)</visible>
				<visible>!Control.IsVisible(9699)</visible>
			</control>
			<include condition="Window.IsVisible(script-NextAired-TVGuide.xml) | Window.IsVisible(script-NextAired-TVGuide2.xml)">NextAired_OptionsButton</include>
			<control type="button" id="9009">
				<left>0</left>
				<label>$LOCALIZE[137]</label>
				<onclick>RunScript(script.globalsearch)</onclick>
				<texturenofocus colordiffuse="main_fg_70" border="42,0,8,0">buttons/search.png</texturenofocus>
				<texturefocus colordiffuse="$VAR[ColorHighlight]" border="42,0,8,0">buttons/search.png</texturefocus>
				<include>Statusbar_Menubar_Button</include>
				<visible>Skin.HasSetting(global.kioskmode) | [Window.IsVisible(home) + !Control.IsVisible(9603)] | [!Window.IsVisible(home) +  !Control.IsVisible(3) + !Control.IsVisible(9600)]</visible>
				<visible>System.HasAddon(script.globalsearch)</visible>
				<visible>!Control.IsVisible(9699)</visible>
				<visible>!Window.IsVisible(LoginScreen.xml)</visible>
				<visible>!Window.IsVisible(script-NextAired-TVGuide.xml) + !Window.IsVisible(script-NextAired-TVGuide2.xml)</visible>
			</control>
			<control type="button" id="9603">
				<onclick>Skin.ToggleSetting(TvNextAiredFanart)</onclick>
				<label>$LOCALIZE[31203]</label>
				<texturenofocus colordiffuse="main_fg_70" border="42,0,8,0">buttons/sort-method.png</texturenofocus>
				<texturefocus colordiffuse="$VAR[ColorHighlight]" border="42,0,8,0">buttons/sort-method.png</texturefocus>
				<include>Statusbar_Menubar_Button</include>
				<visible>Window.IsVisible(script-NextAired-TVGuide.xml) | Window.IsVisible(script-NextAired-TVGuide2.xml)</visible>
			</control>
			<control type="button" id="9603">
				<onclick>Weather.LocationNext</onclick>
				<label>$INFO[Weather.Location]</label>
				<texturenofocus colordiffuse="main_fg_70" border="42,0,8,0">buttons/sort-method.png</texturenofocus>
				<texturefocus colordiffuse="$VAR[ColorHighlight]" border="42,0,8,0">buttons/sort-method.png</texturefocus>
				<include>Statusbar_Menubar_Button</include>
				<visible>Window.IsVisible(Home) + [String.IsEqual(Container(300).ListItem.Property(widget),weather) + [Control.HasFocus(300) | String.IsEmpty(Container(302).ListItem.Property(widget))] | [String.IsEqual(Container(302).ListItem.Property(widget),weather) + !Control.HasFocus(300)]]</visible>
				<visible>!Control.IsVisible(9699)</visible>
			</control>
			<include condition="[Window.IsVisible(MyVideoNav.xml) | Window.IsVisible(MyMusicNav.xml) | Window.IsVisible(MyPics.xml) | Window.IsVisible(MyPrograms.xml) | Window.IsVisible(AddonBrowser.xml) | Window.IsVisible(MyPlaylist.xml) | Window.IsVisible(MyWeather.xml) | Window.IsVisible(MyPVRChannels.xml) | Window.IsVisible(MyPVRGuide.xml) | Window.IsVisible(MyPVRRecordings.xml) | Window.IsVisible(MyPVRTimers.xml) | Window.IsVisible(MyPVRSearch.xml)]">Statusbar_SortButtons</include>
			<control type="button" id="9008">
				<left>0</left>
				<label/>
				<textoffsetx>40</textoffsetx>
				<onclick>fullscreen</onclick>
				<texturenofocus colordiffuse="main_fg_70" border="42,0,8,0">buttons/fullscreen.png</texturenofocus>
				<texturefocus colordiffuse="$VAR[ColorHighlight]" border="42,0,8,0">buttons/fullscreen.png</texturefocus>
				<include>Statusbar_Menubar_Button</include>
				<visible>Player.HasMedia</visible>
			</control>
		</control>
	</include>
	<include name="Statusbar_SortButtons">
		<control type="button" id="9600">
			<label>33063</label>
			<texturenofocus colordiffuse="main_fg_70" border="42,0,8,0">buttons/options.png</texturenofocus>
			<texturefocus colordiffuse="$VAR[ColorHighlight]" border="42,0,8,0">buttons/options.png</texturefocus>
			<include>Statusbar_Menubar_Button</include>
			<onclick>SetFocus(6000)</onclick>
			<visible>!Skin.HasSetting(global.kioskmode)</visible>
			<visible>!Control.IsVisible(9699)</visible>
		</control>
		<control type="button" id="9602">
			<onclick>Weather.LocationNext</onclick>
			<label>$INFO[Weather.Location]</label>
			<texturenofocus colordiffuse="main_fg_70" border="42,0,8,0">buttons/sort-method.png</texturenofocus>
			<texturefocus colordiffuse="$VAR[ColorHighlight]" border="42,0,8,0">buttons/sort-method.png</texturefocus>
			<include>Statusbar_Menubar_Button</include>
			<visible>Window.IsVisible(MyWeather.xml)</visible>
			<visible>!Control.IsVisible(9699)</visible>
		</control>
		<control type="togglebutton" id="3">
			<texturenofocus colordiffuse="main_fg_70" border="42,0,8,0">buttons/sort-up.png</texturenofocus>
			<texturefocus colordiffuse="$VAR[ColorHighlight]" border="42,0,8,0">buttons/sort-up.png</texturefocus>
			<alttexturenofocus colordiffuse="main_fg_70" border="42,0,8,0">buttons/sort-down.png</alttexturenofocus>
			<alttexturefocus colordiffuse="$VAR[ColorHighlight]" border="42,0,8,0">buttons/sort-down.png</alttexturefocus>
			<usealttexture>Container.SortDirection(Descending)</usealttexture>
			<include>Statusbar_Menubar_Button</include>
			<visible>!Skin.HasSetting(global.kioskmode)</visible>
			<visible>Control.IsEnabled(3)</visible>
			<visible>!Window.IsVisible(MyWeather.xml)</visible>
			<visible>!Control.IsVisible(9699)</visible>
		</control>
		<control type="togglebutton" id="9608">
			<texturenofocus colordiffuse="main_fg_70" border="42,0,8,0">buttons/sort-up.png</texturenofocus>
			<texturefocus colordiffuse="$VAR[ColorHighlight]" border="42,0,8,0">buttons/sort-up.png</texturefocus>
			<alttexturenofocus colordiffuse="main_fg_70" border="42,0,8,0">buttons/sort-down.png</alttexturenofocus>
			<alttexturefocus colordiffuse="$VAR[ColorHighlight]" border="42,0,8,0">buttons/sort-down.png</alttexturefocus>
			<usealttexture>Container.SortDirection(Descending)</usealttexture>
			<label>$LOCALIZE[31153] $LOCALIZE[584]</label>
			<altlabel>$LOCALIZE[31153] $LOCALIZE[585]</altlabel>
			<onclick>SendClick(4)</onclick>
			<include>Statusbar_Menubar_Button</include>
			<visible>!Skin.HasSetting(global.kioskmode)</visible>
			<visible>!Control.IsEnabled(3)</visible>
			<visible>Control.IsEnabled(4)</visible>
			<visible>!Window.IsVisible(MyWeather.xml)</visible>
			<visible>!Control.IsVisible(9699)</visible>
		</control>
	</include>
	<include name="Statusbar_Menubar_Button">
		<font>font_date</font>
		<textcolor>main_fg_70</textcolor>
		<focusedcolor>$VAR[ColorHighlight]</focusedcolor>
		<aligny>center</aligny>
		<width>auto</width>
		<height>100%</height>
		<textoffsetx>56</textoffsetx>
		<include>View_Movement_OnFocus</include>
	</include>
	<include name="Statusbar_Menubar_Items">
		<font>font_itemlabel</font>
		<textcolor>main_fg_70</textcolor>
		<aligny>center</aligny>
		<width>auto</width>
		<height>100%</height>
	</include>
</includes>
